"ID","y"
1,"0"
2,"0"
3,"1"
4,"1"
5,"1"
6,"0"
7,"0"
8,"0"
9,"1"
10,"0"
11,"1"
12,"1"
13,"1"
14,"1"
15,"0"
16,"1"
17,"0"
18,"0"
19,"0"
20,"1"
21,"1"
22,"0"
23,"0"
24,"0"
25,"1"
26,"0"
27,"0"
28,"1"
29,"1"
30,"0"
31,"1"
32,"0"
33,"0"
34,"1"
35,"0"
36,"0"
37,"0"
38,"0"
39,"1"
40,"1"
41,"1"
42,"1"
43,"0"
44,"1"
45,"1"
46,"1"
47,"1"
48,"1"
49,"1"
50,"1"
51,"1"
52,"0"
53,"1"
54,"0"
55,"0"
56,"0"
57,"0"
58,"1"
59,"1"
60,"0"
61,"0"
62,"1"
63,"1"
64,"1"
65,"0"
66,"0"
67,"1"
68,"1"
69,"0"
70,"0"
71,"0"
72,"1"
73,"1"
74,"1"
75,"1"
76,"0"
77,"1"
78,"0"
79,"1"
80,"0"
81,"1"
82,"0"
83,"0"
84,"1"
85,"0"
86,"1"
87,"1"
88,"0"
89,"1"
90,"1"
91,"0"
92,"0"
93,"0"
94,"0"
95,"0"
96,"1"
97,"0"
98,"0"
99,"0"
100,"1"
101,"1"
102,"0"
103,"1"
104,"0"
105,"0"
106,"0"
107,"0"
108,"1"
109,"1"
110,"0"
111,"1"
112,"0"
113,"1"
114,"0"
115,"1"
116,"1"
117,"0"
118,"1"
119,"0"
120,"0"
121,"0"
122,"0"
123,"1"
124,"1"
125,"0"
126,"0"
127,"1"
128,"0"
129,"1"
130,"0"
131,"1"
132,"0"
133,"0"
134,"0"
135,"0"
136,"1"
137,"0"
138,"1"
139,"0"
140,"1"
141,"0"
142,"1"
143,"0"
144,"1"
145,"1"
146,"0"
147,"0"
148,"1"
149,"1"
150,"0"
151,"1"
152,"0"
153,"0"
154,"0"
155,"1"
156,"1"
157,"0"
158,"0"
159,"1"
160,"0"
161,"1"
162,"0"
163,"0"
164,"1"
165,"0"
166,"0"
167,"1"
168,"1"
169,"1"
170,"1"
171,"0"
172,"0"
173,"1"
174,"0"
175,"1"
176,"0"
177,"0"
178,"0"
179,"0"
180,"0"
181,"1"
182,"0"
183,"0"
184,"0"
185,"1"
186,"1"
187,"1"
188,"0"
189,"1"
190,"1"
191,"0"
192,"0"
193,"0"
194,"0"
195,"0"
196,"0"
197,"0"
198,"1"
199,"0"
200,"0"
201,"0"
202,"1"
203,"1"
204,"1"
205,"1"
206,"0"
207,"0"
208,"0"
209,"1"
210,"1"
211,"0"
212,"1"
213,"0"
214,"1"
215,"0"
216,"0"
217,"1"
218,"0"
219,"0"
220,"1"
221,"1"
222,"1"
223,"0"
224,"1"
225,"1"
226,"1"
227,"1"
228,"0"
229,"0"
230,"1"
231,"0"
232,"0"
233,"1"
234,"0"
235,"0"
236,"1"
237,"1"
238,"1"
239,"1"
240,"1"
241,"1"
242,"0"
243,"0"
244,"1"
245,"0"
246,"0"
247,"0"
248,"0"
249,"0"
250,"1"
251,"0"
252,"0"
253,"1"
254,"0"
255,"1"
256,"1"
257,"0"
258,"0"
259,"1"
260,"0"
261,"1"
262,"1"
263,"0"
264,"1"
265,"1"
266,"1"
267,"0"
268,"0"
269,"1"
270,"1"
271,"0"
272,"1"
273,"0"
274,"0"
275,"1"
276,"1"
277,"0"
278,"0"
279,"0"
280,"0"
281,"0"
282,"1"
283,"0"
284,"1"
285,"0"
286,"0"
287,"0"
288,"1"
289,"1"
290,"1"
291,"0"
292,"0"
293,"0"
294,"0"
295,"1"
296,"1"
297,"0"
298,"0"
299,"0"
300,"0"
301,"0"
302,"1"
303,"0"
304,"1"
305,"0"
306,"0"
307,"0"
308,"0"
309,"0"
310,"1"
311,"0"
312,"0"
313,"0"
314,"0"
315,"0"
316,"1"
317,"1"
318,"1"
319,"0"
320,"0"
321,"0"
322,"0"
323,"1"
324,"1"
325,"0"
326,"0"
327,"1"
328,"1"
329,"0"
330,"1"
331,"1"
332,"0"
333,"0"
334,"1"
335,"0"
336,"1"
337,"1"
338,"1"
339,"1"
340,"0"
341,"0"
342,"0"
343,"0"
344,"0"
345,"0"
346,"1"
347,"0"
348,"1"
349,"1"
350,"1"
351,"1"
352,"0"
353,"0"
354,"0"
355,"0"
356,"0"
357,"1"
358,"0"
359,"0"
360,"0"
361,"1"
362,"0"
363,"0"
364,"0"
365,"0"
366,"1"
367,"0"
368,"1"
369,"0"
370,"0"
371,"0"
372,"1"
373,"0"
374,"1"
375,"0"
376,"0"
377,"0"
378,"0"
379,"1"
380,"0"
381,"1"
382,"0"
383,"0"
384,"1"
385,"0"
386,"1"
387,"1"
388,"1"
389,"1"
390,"1"
391,"0"
392,"1"
393,"0"
394,"1"
395,"0"
396,"0"
397,"0"
398,"1"
399,"0"
400,"0"
401,"1"
402,"0"
403,"1"
404,"1"
405,"0"
406,"0"
407,"1"
408,"1"
409,"1"
410,"0"
411,"0"
412,"0"
413,"0"
414,"1"
415,"0"
416,"1"
417,"1"
418,"1"
419,"0"
420,"1"
421,"1"
422,"0"
423,"0"
424,"0"
425,"0"
426,"1"
427,"1"
428,"1"
429,"0"
430,"0"
431,"1"
432,"0"
433,"1"
434,"0"
435,"1"
436,"0"
437,"0"
438,"1"
439,"0"
440,"1"
441,"0"
442,"0"
443,"1"
444,"1"
445,"0"
446,"0"
447,"1"
448,"1"
449,"1"
450,"1"
451,"1"
452,"0"
453,"1"
454,"1"
455,"0"
456,"0"
457,"0"
458,"0"
459,"0"
460,"0"
461,"0"
462,"0"
463,"1"
464,"1"
465,"1"
466,"1"
467,"1"
468,"0"
469,"0"
470,"0"
471,"1"
472,"0"
473,"0"
474,"1"
475,"1"
476,"1"
477,"1"
478,"1"
479,"1"
480,"1"
481,"1"
482,"0"
483,"0"
484,"0"
485,"0"
486,"0"
487,"1"
488,"0"
489,"1"
490,"0"
491,"1"
492,"1"
493,"1"
494,"0"
495,"0"
496,"0"
497,"0"
498,"0"
499,"1"
500,"0"
501,"0"
502,"0"
503,"0"
504,"1"
505,"0"
506,"1"
507,"1"
508,"0"
509,"1"
510,"0"
511,"1"
512,"1"
513,"0"
514,"0"
515,"0"
516,"0"
517,"0"
518,"1"
519,"1"
520,"0"
521,"0"
522,"0"
523,"0"
524,"0"
525,"1"
526,"0"
527,"1"
528,"0"
529,"0"
530,"0"
531,"0"
532,"0"
533,"0"
534,"0"
535,"0"
536,"1"
537,"0"
538,"1"
539,"0"
540,"1"
541,"1"
542,"1"
543,"1"
544,"0"
545,"1"
546,"0"
547,"1"
548,"0"
549,"0"
550,"0"
551,"0"
552,"0"
553,"0"
554,"1"
555,"1"
556,"1"
557,"0"
558,"1"
559,"1"
560,"1"
561,"1"
562,"1"
563,"0"
564,"1"
565,"0"
566,"1"
567,"0"
568,"1"
569,"1"
570,"0"
571,"1"
572,"1"
573,"1"
574,"0"
575,"0"
576,"1"
577,"1"
578,"1"
579,"1"
580,"0"
581,"0"
582,"1"
583,"0"
584,"0"
585,"0"
586,"1"
587,"0"
588,"0"
589,"0"
590,"0"
591,"0"
592,"1"
593,"1"
594,"1"
595,"0"
596,"1"
597,"0"
598,"0"
599,"1"
600,"1"
601,"1"
602,"0"
603,"1"
604,"1"
605,"0"
606,"1"
607,"0"
608,"1"
609,"1"
610,"0"
611,"0"
612,"0"
613,"1"
614,"0"
615,"1"
616,"0"
617,"1"
618,"1"
619,"0"
620,"1"
621,"0"
622,"0"
623,"1"
624,"1"
625,"1"
626,"0"
627,"0"
628,"0"
629,"0"
630,"0"
631,"1"
632,"1"
633,"1"
634,"0"
635,"1"
636,"1"
637,"1"
638,"0"
639,"0"
640,"1"
641,"1"
642,"0"
643,"1"
644,"0"
645,"1"
646,"0"
647,"0"
648,"0"
649,"1"
650,"0"
651,"1"
652,"0"
653,"0"
654,"0"
655,"1"
656,"0"
657,"1"
658,"1"
659,"0"
660,"0"
661,"1"
662,"0"
663,"0"
664,"0"
665,"1"
666,"0"
667,"0"
668,"0"
669,"1"
670,"1"
671,"0"
672,"1"
673,"0"
674,"1"
675,"0"
676,"1"
677,"0"
678,"0"
679,"1"
680,"0"
681,"0"
682,"0"
683,"0"
684,"0"
685,"0"
686,"0"
687,"0"
688,"0"
689,"0"
690,"1"
691,"0"
692,"1"
693,"0"
694,"0"
695,"0"
696,"0"
697,"0"
698,"0"
699,"0"
700,"1"
701,"1"
702,"1"
703,"0"
704,"0"
705,"0"
706,"1"
707,"0"
708,"0"
709,"0"
710,"0"
711,"0"
712,"1"
713,"0"
714,"1"
715,"1"
716,"0"
717,"0"
718,"0"
719,"1"
720,"1"
721,"1"
722,"0"
723,"1"
724,"1"
725,"1"
726,"0"
727,"0"
728,"1"
729,"1"
730,"1"
731,"1"
732,"0"
733,"1"
734,"0"
735,"0"
736,"0"
737,"0"
738,"1"
739,"0"
740,"0"
741,"0"
742,"0"
743,"0"
744,"1"
745,"0"
746,"0"
747,"1"
748,"0"
749,"1"
750,"1"
751,"0"
752,"0"
753,"0"
754,"0"
755,"0"
756,"0"
757,"0"
758,"1"
759,"1"
760,"1"
761,"0"
762,"0"
763,"0"
764,"0"
765,"1"
766,"0"
767,"0"
768,"0"
769,"1"
770,"1"
771,"1"
772,"1"
773,"0"
774,"1"
775,"1"
776,"0"
777,"1"
778,"1"
779,"0"
780,"1"
781,"0"
782,"0"
783,"1"
784,"0"
785,"0"
786,"0"
787,"0"
788,"0"
789,"1"
790,"0"
791,"1"
792,"1"
793,"1"
794,"0"
795,"0"
796,"0"
797,"1"
798,"1"
799,"1"
800,"1"
801,"0"
802,"1"
803,"1"
804,"1"
805,"1"
806,"1"
807,"0"
808,"1"
809,"0"
810,"0"
811,"1"
812,"0"
813,"0"
814,"0"
815,"0"
816,"0"
817,"0"
818,"1"
819,"0"
820,"0"
821,"0"
822,"0"
823,"0"
824,"1"
825,"0"
826,"0"
827,"0"
828,"1"
829,"0"
830,"1"
831,"1"
832,"1"
833,"0"
834,"0"
835,"1"
836,"1"
837,"1"
838,"1"
839,"0"
840,"0"
841,"1"
842,"0"
843,"0"
844,"0"
845,"0"
846,"0"
847,"1"
848,"1"
849,"0"
850,"0"
851,"1"
852,"0"
853,"0"
854,"0"
855,"0"
856,"0"
857,"1"
858,"0"
859,"0"
860,"1"
861,"1"
862,"0"
863,"1"
864,"0"
865,"0"
866,"1"
867,"0"
868,"1"
869,"0"
870,"0"
871,"1"
872,"0"
873,"0"
874,"0"
875,"1"
876,"0"
877,"1"
878,"0"
879,"0"
880,"1"
881,"0"
882,"1"
883,"0"
884,"0"
885,"0"
886,"1"
887,"0"
888,"1"
889,"1"
890,"0"
891,"0"
892,"1"
893,"0"
894,"1"
895,"0"
896,"1"
897,"1"
898,"1"
899,"1"
900,"0"
901,"0"
902,"0"
903,"0"
904,"1"
905,"1"
906,"0"
907,"1"
908,"1"
909,"1"
910,"1"
911,"1"
912,"0"
913,"1"
914,"0"
915,"0"
916,"0"
917,"0"
918,"0"
919,"0"
920,"1"
921,"0"
922,"1"
923,"1"
924,"0"
925,"0"
926,"1"
927,"0"
928,"0"
929,"0"
930,"1"
931,"0"
932,"0"
933,"1"
934,"0"
935,"0"
936,"0"
937,"0"
938,"0"
939,"0"
940,"0"
941,"1"
942,"1"
943,"0"
944,"0"
945,"0"
946,"0"
947,"0"
948,"1"
949,"1"
950,"1"
951,"0"
952,"1"
953,"1"
954,"0"
955,"0"
956,"1"
957,"0"
958,"0"
959,"0"
960,"1"
961,"0"
962,"1"
963,"1"
964,"0"
965,"1"
966,"1"
967,"1"
968,"1"
969,"1"
970,"1"
971,"0"
972,"1"
973,"0"
974,"0"
975,"0"
976,"1"
977,"1"
978,"1"
979,"1"
980,"0"
981,"1"
982,"0"
983,"1"
984,"0"
985,"1"
986,"1"
987,"1"
988,"0"
989,"1"
990,"1"
991,"1"
992,"0"
993,"0"
994,"0"
995,"1"
996,"1"
997,"0"
998,"0"
999,"0"
1000,"1"
1001,"1"
1002,"0"
1003,"0"
1004,"1"
1005,"1"
1006,"1"
1007,"0"
1008,"0"
1009,"1"
1010,"0"
1011,"0"
1012,"1"
1013,"1"
1014,"0"
1015,"0"
1016,"0"
1017,"1"
1018,"0"
1019,"1"
1020,"1"
1021,"0"
1022,"0"
1023,"1"
1024,"1"
1025,"0"
1026,"0"
1027,"0"
1028,"0"
1029,"0"
1030,"0"
1031,"0"
1032,"1"
1033,"1"
1034,"0"
1035,"1"
1036,"1"
1037,"0"
1038,"1"
1039,"0"
1040,"1"
1041,"1"
1042,"1"
1043,"0"
1044,"0"
1045,"1"
1046,"1"
1047,"1"
1048,"0"
1049,"0"
1050,"0"
1051,"0"
1052,"1"
1053,"0"
1054,"1"
1055,"1"
1056,"1"
1057,"0"
1058,"1"
1059,"1"
1060,"1"
1061,"0"
1062,"0"
1063,"0"
1064,"0"
1065,"0"
1066,"0"
1067,"0"
1068,"1"
1069,"1"
1070,"1"
1071,"0"
1072,"0"
1073,"1"
1074,"1"
1075,"1"
1076,"0"
1077,"1"
1078,"0"
1079,"1"
1080,"1"
1081,"1"
1082,"0"
1083,"1"
1084,"1"
1085,"0"
1086,"0"
1087,"1"
1088,"1"
1089,"1"
1090,"1"
1091,"1"
1092,"0"
1093,"0"
1094,"1"
1095,"0"
1096,"0"
1097,"0"
1098,"0"
1099,"1"
1100,"0"
1101,"1"
1102,"0"
1103,"0"
1104,"0"
1105,"0"
1106,"0"
1107,"1"
1108,"1"
1109,"1"
1110,"0"
1111,"0"
1112,"1"
1113,"0"
1114,"0"
1115,"0"
1116,"0"
1117,"0"
1118,"0"
1119,"0"
1120,"0"
1121,"1"
1122,"1"
1123,"0"
1124,"0"
1125,"0"
1126,"1"
1127,"1"
1128,"0"
1129,"0"
1130,"1"
1131,"0"
1132,"0"
1133,"1"
1134,"1"
1135,"0"
1136,"1"
1137,"0"
1138,"0"
1139,"0"
1140,"0"
1141,"0"
1142,"1"
1143,"0"
1144,"0"
1145,"0"
1146,"0"
1147,"0"
1148,"0"
1149,"0"
1150,"0"
1151,"0"
1152,"0"
1153,"0"
1154,"0"
1155,"0"
1156,"1"
1157,"1"
1158,"1"
1159,"0"
1160,"0"
1161,"1"
1162,"1"
1163,"1"
1164,"0"
1165,"0"
1166,"0"
1167,"0"
1168,"0"
1169,"1"
1170,"1"
1171,"0"
1172,"0"
1173,"1"
1174,"0"
1175,"1"
1176,"1"
1177,"0"
1178,"0"
1179,"1"
1180,"0"
1181,"1"
1182,"1"
1183,"1"
1184,"1"
1185,"1"
1186,"1"
1187,"0"
1188,"0"
1189,"0"
1190,"0"
1191,"1"
1192,"1"
1193,"1"
1194,"0"
1195,"1"
1196,"0"
1197,"1"
1198,"1"
1199,"0"
1200,"1"
1201,"1"
1202,"0"
1203,"1"
1204,"1"
1205,"1"
1206,"1"
1207,"1"
1208,"1"
1209,"0"
1210,"0"
1211,"0"
1212,"1"
1213,"1"
1214,"0"
1215,"0"
1216,"1"
1217,"0"
1218,"0"
1219,"0"
1220,"1"
1221,"0"
1222,"0"
1223,"1"
1224,"1"
1225,"0"
1226,"0"
1227,"0"
1228,"1"
1229,"1"
1230,"0"
1231,"1"
1232,"0"
1233,"0"
1234,"0"
1235,"0"
1236,"0"
1237,"1"
1238,"0"
1239,"0"
1240,"1"
1241,"0"
1242,"0"
1243,"1"
1244,"1"
1245,"0"
1246,"0"
1247,"0"
1248,"1"
1249,"1"
1250,"0"
1251,"1"
1252,"0"
1253,"1"
1254,"0"
1255,"1"
1256,"0"
1257,"1"
1258,"1"
1259,"0"
1260,"0"
1261,"0"
1262,"0"
1263,"0"
1264,"0"
1265,"0"
1266,"1"
1267,"0"
1268,"1"
1269,"0"
1270,"1"
1271,"1"
1272,"1"
1273,"0"
1274,"1"
1275,"1"
1276,"1"
1277,"1"
1278,"1"
1279,"0"
1280,"0"
1281,"1"
1282,"0"
1283,"0"
1284,"0"
1285,"0"
1286,"1"
1287,"1"
1288,"1"
1289,"1"
1290,"1"
1291,"0"
1292,"1"
1293,"0"
1294,"0"
1295,"0"
1296,"0"
1297,"0"
1298,"1"
1299,"1"
1300,"0"
1301,"0"
1302,"1"
1303,"0"
1304,"0"
1305,"0"
1306,"0"
1307,"1"
1308,"0"
1309,"1"
1310,"1"
1311,"1"
1312,"0"
1313,"0"
1314,"0"
1315,"0"
1316,"1"
1317,"1"
1318,"1"
1319,"1"
1320,"1"
1321,"1"
1322,"1"
1323,"0"
1324,"1"
1325,"1"
1326,"1"
1327,"1"
1328,"0"
1329,"0"
1330,"1"
1331,"0"
1332,"1"
1333,"1"
1334,"1"
1335,"0"
1336,"0"
1337,"1"
1338,"0"
1339,"0"
1340,"1"
1341,"1"
1342,"0"
1343,"0"
1344,"0"
1345,"0"
1346,"0"
1347,"1"
1348,"1"
1349,"1"
1350,"1"
1351,"1"
1352,"0"
1353,"0"
1354,"1"
1355,"0"
1356,"0"
1357,"0"
1358,"1"
1359,"0"
1360,"0"
1361,"0"
1362,"0"
1363,"0"
1364,"1"
1365,"0"
1366,"0"
1367,"1"
1368,"0"
1369,"0"
1370,"0"
1371,"0"
1372,"0"
1373,"0"
1374,"1"
1375,"0"
1376,"0"
1377,"1"
1378,"0"
1379,"0"
1380,"1"
1381,"1"
1382,"0"
1383,"0"
1384,"1"
1385,"0"
1386,"1"
1387,"0"
1388,"1"
1389,"0"
1390,"1"
1391,"1"
1392,"1"
1393,"1"
1394,"0"
1395,"1"
1396,"1"
1397,"1"
1398,"1"
1399,"0"
1400,"1"
1401,"1"
1402,"1"
1403,"1"
1404,"0"
1405,"0"
1406,"0"
1407,"0"
1408,"0"
1409,"0"
1410,"0"
1411,"1"
1412,"0"
1413,"1"
1414,"0"
1415,"1"
1416,"0"
1417,"1"
1418,"0"
1419,"0"
1420,"1"
1421,"0"
1422,"1"
1423,"1"
1424,"1"
1425,"1"
1426,"1"
1427,"0"
1428,"0"
1429,"0"
1430,"0"
1431,"0"
1432,"1"
1433,"1"
1434,"0"
1435,"0"
1436,"1"
1437,"0"
1438,"0"
1439,"1"
1440,"1"
1441,"0"
1442,"1"
1443,"1"
1444,"0"
1445,"0"
1446,"0"
1447,"1"
1448,"0"
1449,"0"
1450,"0"
1451,"1"
1452,"1"
1453,"0"
1454,"0"
1455,"0"
1456,"1"
1457,"1"
1458,"1"
1459,"1"
1460,"1"
1461,"1"
1462,"0"
1463,"0"
1464,"1"
1465,"0"
1466,"0"
1467,"1"
1468,"1"
1469,"1"
1470,"0"
1471,"1"
1472,"0"
1473,"0"
1474,"1"
1475,"1"
1476,"0"
1477,"0"
1478,"0"
1479,"1"
1480,"0"
1481,"1"
1482,"1"
1483,"0"
1484,"1"
1485,"1"
1486,"0"
1487,"0"
1488,"0"
1489,"1"
1490,"0"
1491,"1"
1492,"0"
1493,"0"
1494,"1"
1495,"0"
1496,"0"
1497,"0"
1498,"0"
1499,"0"
1500,"0"
1501,"1"
1502,"0"
1503,"1"
1504,"0"
1505,"0"
1506,"1"
1507,"1"
1508,"1"
1509,"1"
1510,"1"
1511,"0"
1512,"1"
1513,"0"
1514,"1"
1515,"1"
1516,"0"
1517,"0"
1518,"0"
1519,"0"
1520,"0"
1521,"1"
1522,"0"
1523,"1"
1524,"0"
1525,"0"
1526,"1"
1527,"0"
1528,"0"
1529,"0"
1530,"1"
1531,"0"
1532,"1"
1533,"1"
1534,"1"
1535,"0"
1536,"1"
1537,"1"
1538,"1"
1539,"0"
1540,"0"
1541,"1"
1542,"1"
1543,"0"
1544,"0"
1545,"1"
1546,"0"
1547,"0"
1548,"1"
1549,"0"
1550,"1"
1551,"0"
1552,"1"
1553,"1"
1554,"0"
1555,"1"
1556,"0"
1557,"1"
1558,"0"
1559,"1"
1560,"1"
1561,"0"
1562,"1"
1563,"1"
1564,"0"
1565,"1"
1566,"1"
1567,"0"
1568,"0"
1569,"1"
1570,"1"
1571,"1"
1572,"0"
1573,"0"
1574,"0"
1575,"1"
1576,"1"
1577,"1"
1578,"0"
1579,"0"
1580,"0"
1581,"1"
1582,"0"
1583,"0"
1584,"1"
1585,"1"
1586,"1"
1587,"0"
1588,"0"
1589,"0"
1590,"1"
1591,"0"
1592,"1"
1593,"1"
1594,"0"
1595,"1"
1596,"0"
1597,"1"
1598,"0"
1599,"0"
1600,"1"
1601,"1"
1602,"1"
1603,"0"
1604,"1"
1605,"1"
1606,"0"
1607,"0"
1608,"0"
1609,"1"
1610,"0"
1611,"0"
1612,"1"
1613,"0"
1614,"1"
1615,"1"
1616,"0"
1617,"0"
1618,"0"
1619,"1"
1620,"0"
1621,"0"
1622,"0"
1623,"0"
1624,"1"
1625,"0"
1626,"0"
1627,"1"
1628,"0"
1629,"1"
1630,"0"
1631,"1"
1632,"0"
1633,"1"
1634,"1"
1635,"0"
1636,"0"
1637,"1"
1638,"1"
1639,"0"
1640,"0"
1641,"1"
1642,"0"
1643,"0"
1644,"0"
1645,"0"
1646,"0"
1647,"1"
1648,"0"
1649,"0"
1650,"1"
1651,"0"
1652,"0"
1653,"0"
1654,"1"
1655,"0"
1656,"1"
1657,"1"
1658,"0"
1659,"1"
1660,"0"
1661,"0"
1662,"1"
1663,"1"
1664,"0"
1665,"1"
1666,"0"
1667,"0"
1668,"0"
1669,"1"
1670,"0"
1671,"0"
1672,"0"
1673,"0"
1674,"1"
1675,"0"
1676,"1"
1677,"1"
1678,"1"
1679,"0"
1680,"1"
1681,"0"
1682,"1"
1683,"0"
1684,"1"
1685,"0"
1686,"1"
1687,"0"
1688,"1"
1689,"1"
1690,"1"
1691,"1"
1692,"0"
1693,"1"
1694,"1"
1695,"1"
1696,"1"
1697,"0"
1698,"0"
1699,"0"
1700,"1"
1701,"1"
1702,"0"
1703,"0"
1704,"0"
1705,"1"
1706,"0"
1707,"1"
1708,"0"
1709,"0"
1710,"0"
1711,"1"
1712,"0"
1713,"1"
1714,"1"
1715,"0"
1716,"0"
1717,"0"
1718,"0"
1719,"0"
1720,"0"
1721,"1"
1722,"0"
1723,"0"
1724,"0"
1725,"0"
1726,"0"
1727,"0"
1728,"0"
1729,"1"
1730,"1"
1731,"0"
1732,"0"
1733,"1"
1734,"0"
1735,"0"
1736,"0"
1737,"1"
1738,"1"
1739,"1"
1740,"0"
1741,"0"
1742,"0"
1743,"1"
1744,"1"
1745,"0"
1746,"0"
1747,"0"
1748,"0"
1749,"0"
1750,"0"
1751,"1"
1752,"1"
1753,"1"
1754,"0"
1755,"0"
1756,"0"
1757,"0"
1758,"1"
1759,"1"
1760,"0"
1761,"0"
1762,"1"
1763,"0"
1764,"0"
1765,"0"
1766,"0"
1767,"0"
1768,"0"
1769,"1"
1770,"0"
1771,"1"
1772,"0"
1773,"0"
1774,"1"
1775,"1"
1776,"0"
1777,"0"
1778,"1"
1779,"0"
1780,"0"
1781,"0"
1782,"1"
1783,"1"
1784,"0"
1785,"1"
1786,"1"
1787,"0"
1788,"1"
1789,"0"
1790,"0"
1791,"1"
1792,"1"
1793,"1"
1794,"1"
1795,"0"
1796,"0"
1797,"1"
1798,"1"
1799,"0"
1800,"1"
1801,"0"
1802,"0"
1803,"0"
1804,"1"
1805,"1"
1806,"1"
1807,"1"
1808,"1"
1809,"1"
1810,"0"
1811,"1"
1812,"0"
1813,"1"
1814,"0"
1815,"0"
1816,"0"
1817,"0"
1818,"0"
1819,"0"
1820,"0"
1821,"0"
1822,"1"
1823,"1"
1824,"1"
1825,"0"
1826,"0"
1827,"1"
1828,"0"
1829,"1"
1830,"1"
1831,"0"
1832,"0"
1833,"1"
1834,"0"
1835,"0"
1836,"0"
1837,"0"
1838,"1"
1839,"1"
1840,"0"
1841,"1"
1842,"1"
1843,"0"
1844,"1"
1845,"0"
1846,"0"
1847,"0"
1848,"0"
1849,"0"
1850,"1"
1851,"0"
1852,"1"
1853,"1"
1854,"1"
1855,"1"
1856,"0"
1857,"0"
1858,"0"
1859,"1"
1860,"1"
1861,"1"
1862,"0"
1863,"1"
1864,"0"
1865,"0"
1866,"0"
1867,"0"
1868,"1"
1869,"1"
1870,"1"
1871,"1"
1872,"1"
1873,"0"
1874,"0"
1875,"0"
1876,"0"
1877,"0"
1878,"0"
1879,"0"
1880,"1"
1881,"1"
1882,"0"
1883,"1"
1884,"1"
1885,"0"
1886,"0"
1887,"0"
1888,"0"
1889,"0"
1890,"1"
1891,"0"
1892,"0"
1893,"0"
1894,"0"
1895,"1"
1896,"0"
1897,"1"
1898,"1"
1899,"0"
1900,"0"
1901,"0"
1902,"0"
1903,"0"
1904,"0"
1905,"0"
1906,"1"
1907,"1"
1908,"0"
1909,"1"
1910,"1"
1911,"0"
1912,"0"
1913,"0"
1914,"1"
1915,"1"
1916,"0"
1917,"0"
1918,"0"
1919,"1"
1920,"0"
1921,"1"
1922,"1"
1923,"0"
1924,"1"
1925,"1"
1926,"1"
1927,"1"
1928,"0"
1929,"0"
1930,"1"
1931,"1"
1932,"0"
1933,"0"
1934,"0"
1935,"1"
1936,"0"
1937,"0"
1938,"1"
1939,"1"
1940,"1"
1941,"0"
1942,"0"
1943,"0"
1944,"1"
1945,"1"
1946,"1"
1947,"1"
1948,"1"
1949,"0"
1950,"0"
1951,"0"
1952,"0"
1953,"0"
1954,"1"
1955,"1"
1956,"1"
1957,"0"
1958,"1"
1959,"0"
1960,"0"
1961,"1"
1962,"1"
1963,"1"
1964,"0"
1965,"0"
1966,"0"
1967,"0"
1968,"1"
1969,"0"
1970,"0"
1971,"0"
1972,"0"
1973,"1"
1974,"0"
1975,"1"
1976,"1"
1977,"1"
1978,"0"
1979,"0"
1980,"1"
1981,"0"
1982,"1"
1983,"0"
1984,"0"
1985,"1"
1986,"0"
1987,"0"
1988,"0"
1989,"1"
1990,"0"
1991,"0"
1992,"1"
1993,"0"
1994,"1"
1995,"1"
1996,"1"
1997,"0"
1998,"0"
1999,"1"
2000,"1"
2001,"0"
2002,"0"
2003,"0"
2004,"1"
2005,"0"
2006,"0"
2007,"1"
2008,"0"
2009,"0"
2010,"0"
2011,"1"
2012,"0"
2013,"0"
2014,"0"
2015,"1"
2016,"0"
2017,"1"
2018,"0"
2019,"1"
2020,"1"
2021,"1"
2022,"1"
2023,"0"
2024,"1"
2025,"0"
2026,"0"
2027,"1"
2028,"1"
2029,"0"
2030,"0"
2031,"1"
2032,"1"
2033,"0"
2034,"0"
2035,"1"
2036,"0"
2037,"1"
2038,"0"
2039,"0"
2040,"1"
2041,"0"
2042,"1"
2043,"1"
2044,"1"
2045,"0"
2046,"1"
2047,"1"
2048,"0"
2049,"1"
2050,"0"
2051,"1"
2052,"1"
2053,"0"
2054,"0"
2055,"0"
2056,"0"
2057,"0"
2058,"1"
2059,"0"
2060,"1"
2061,"0"
2062,"1"
2063,"1"
2064,"0"
2065,"1"
2066,"0"
2067,"0"
2068,"1"
2069,"1"
2070,"1"
2071,"1"
2072,"0"
2073,"0"
2074,"1"
2075,"0"
2076,"0"
2077,"0"
2078,"1"
2079,"1"
2080,"1"
2081,"1"
2082,"0"
2083,"0"
2084,"0"
2085,"0"
2086,"1"
2087,"1"
2088,"1"
2089,"0"
2090,"1"
2091,"0"
2092,"1"
2093,"1"
2094,"0"
2095,"1"
2096,"1"
2097,"1"
2098,"0"
2099,"1"
2100,"0"
2101,"0"
2102,"0"
2103,"1"
2104,"1"
2105,"1"
2106,"1"
2107,"1"
2108,"1"
2109,"0"
2110,"1"
2111,"0"
2112,"0"
2113,"0"
2114,"0"
2115,"1"
2116,"0"
2117,"0"
2118,"0"
2119,"0"
2120,"1"
2121,"0"
2122,"0"
2123,"0"
2124,"1"
2125,"0"
2126,"0"
2127,"1"
2128,"1"
2129,"1"
2130,"0"
2131,"0"
2132,"1"
2133,"0"
2134,"1"
2135,"1"
2136,"0"
2137,"1"
2138,"1"
2139,"0"
2140,"0"
2141,"0"
2142,"1"
2143,"1"
2144,"0"
2145,"0"
2146,"1"
2147,"1"
2148,"1"
2149,"1"
2150,"1"
2151,"0"
2152,"1"
2153,"0"
2154,"1"
2155,"0"
2156,"0"
2157,"0"
2158,"0"
2159,"1"
2160,"0"
2161,"0"
2162,"0"
2163,"0"
2164,"0"
2165,"1"
2166,"1"
2167,"0"
2168,"0"
2169,"0"
2170,"1"
2171,"1"
2172,"1"
2173,"0"
2174,"1"
2175,"0"
2176,"1"
2177,"1"
2178,"0"
2179,"0"
2180,"1"
2181,"0"
2182,"0"
2183,"1"
2184,"0"
2185,"1"
2186,"0"
2187,"1"
2188,"1"
2189,"1"
2190,"1"
2191,"0"
2192,"1"
2193,"0"
2194,"0"
2195,"1"
2196,"1"
2197,"1"
2198,"0"
2199,"1"
2200,"1"
2201,"0"
2202,"0"
2203,"0"
2204,"0"
2205,"1"
2206,"0"
2207,"0"
2208,"0"
2209,"0"
2210,"0"
2211,"0"
2212,"0"
2213,"1"
2214,"1"
2215,"1"
2216,"1"
2217,"1"
2218,"0"
2219,"1"
2220,"0"
2221,"0"
2222,"1"
2223,"1"
2224,"0"
2225,"1"
2226,"1"
2227,"1"
2228,"0"
2229,"1"
2230,"0"
2231,"0"
2232,"0"
2233,"0"
2234,"0"
2235,"1"
2236,"0"
2237,"0"
2238,"1"
2239,"0"
2240,"0"
2241,"0"
2242,"0"
2243,"0"
2244,"0"
2245,"1"
2246,"1"
2247,"1"
2248,"0"
2249,"0"
2250,"0"
2251,"0"
2252,"1"
2253,"1"
2254,"0"
2255,"0"
2256,"0"
2257,"1"
2258,"1"
2259,"1"
2260,"1"
2261,"1"
2262,"0"
2263,"1"
2264,"0"
2265,"0"
2266,"0"
2267,"1"
2268,"1"
2269,"0"
2270,"0"
2271,"1"
2272,"1"
2273,"0"
2274,"0"
2275,"1"
2276,"1"
2277,"0"
2278,"1"
2279,"0"
2280,"1"
2281,"0"
2282,"0"
2283,"0"
2284,"0"
2285,"0"
2286,"1"
2287,"0"
2288,"0"
2289,"0"
2290,"1"
2291,"0"
2292,"0"
2293,"0"
2294,"1"
2295,"1"
2296,"0"
2297,"1"
2298,"0"
2299,"0"
2300,"0"
2301,"1"
2302,"1"
2303,"0"
2304,"0"
2305,"1"
2306,"0"
2307,"0"
2308,"0"
2309,"0"
2310,"1"
2311,"1"
2312,"1"
2313,"0"
2314,"0"
2315,"1"
2316,"1"
2317,"1"
2318,"1"
2319,"1"
2320,"0"
2321,"0"
2322,"0"
2323,"0"
2324,"1"
2325,"0"
2326,"0"
2327,"0"
2328,"0"
2329,"1"
2330,"1"
2331,"0"
2332,"1"
2333,"0"
2334,"0"
2335,"0"
2336,"0"
2337,"0"
2338,"0"
2339,"1"
2340,"0"
2341,"0"
2342,"0"
2343,"1"
2344,"1"
2345,"1"
2346,"1"
2347,"0"
2348,"0"
2349,"1"
2350,"0"
2351,"1"
2352,"1"
2353,"1"
2354,"0"
2355,"0"
2356,"0"
2357,"1"
2358,"1"
2359,"0"
2360,"0"
2361,"0"
2362,"1"
2363,"1"
2364,"0"
2365,"0"
2366,"0"
2367,"0"
2368,"0"
2369,"0"
2370,"0"
2371,"1"
2372,"0"
2373,"1"
2374,"1"
2375,"0"
2376,"0"
2377,"1"
2378,"0"
2379,"0"
2380,"1"
2381,"0"
2382,"0"
2383,"1"
2384,"1"
2385,"0"
2386,"0"
2387,"1"
2388,"1"
2389,"0"
2390,"0"
2391,"0"
2392,"1"
2393,"0"
2394,"1"
2395,"0"
2396,"0"
2397,"0"
2398,"1"
2399,"0"
2400,"1"
2401,"0"
2402,"0"
2403,"0"
2404,"0"
2405,"1"
2406,"0"
2407,"0"
2408,"1"
2409,"1"
2410,"0"
2411,"1"
2412,"0"
2413,"1"
2414,"0"
2415,"0"
2416,"0"
2417,"0"
2418,"1"
2419,"0"
2420,"0"
2421,"1"
2422,"1"
2423,"0"
2424,"1"
2425,"1"
2426,"0"
2427,"0"
2428,"1"
2429,"1"
2430,"0"
2431,"1"
2432,"0"
2433,"0"
2434,"1"
2435,"1"
2436,"1"
2437,"0"
2438,"0"
2439,"1"
2440,"0"
2441,"1"
2442,"0"
2443,"1"
2444,"1"
2445,"1"
2446,"1"
2447,"0"
2448,"1"
2449,"1"
2450,"0"
2451,"0"
2452,"0"
2453,"0"
2454,"0"
2455,"0"
2456,"1"
2457,"0"
2458,"0"
2459,"0"
2460,"1"
2461,"0"
2462,"0"
2463,"1"
2464,"0"
2465,"0"
2466,"0"
2467,"1"
2468,"0"
2469,"1"
2470,"1"
2471,"1"
2472,"1"
2473,"0"
2474,"0"
2475,"1"
2476,"1"
2477,"0"
2478,"1"
2479,"0"
2480,"1"
2481,"1"
2482,"0"
2483,"1"
2484,"1"
2485,"0"
2486,"0"
2487,"1"
2488,"0"
2489,"0"
2490,"0"
2491,"1"
2492,"0"
2493,"0"
2494,"0"
2495,"0"
2496,"1"
2497,"0"
2498,"0"
2499,"1"
2500,"0"
2501,"1"
2502,"0"
2503,"0"
2504,"0"
2505,"1"
2506,"0"
2507,"0"
2508,"1"
2509,"0"
2510,"0"
2511,"1"
2512,"0"
2513,"0"
2514,"1"
2515,"0"
2516,"0"
2517,"1"
2518,"1"
2519,"1"
2520,"0"
2521,"1"
2522,"0"
2523,"0"
2524,"0"
2525,"0"
2526,"0"
2527,"1"
2528,"0"
2529,"0"
2530,"1"
2531,"1"
2532,"1"
2533,"1"
2534,"0"
2535,"0"
2536,"1"
2537,"0"
2538,"0"
2539,"0"
2540,"1"
2541,"1"
2542,"1"
2543,"0"
2544,"0"
2545,"1"
2546,"1"
2547,"0"
2548,"1"
2549,"1"
2550,"1"
2551,"1"
2552,"1"
2553,"1"
2554,"1"
2555,"1"
2556,"0"
2557,"1"
2558,"1"
2559,"1"
2560,"0"
2561,"1"
2562,"0"
2563,"0"
2564,"1"
2565,"0"
2566,"1"
2567,"1"
2568,"1"
2569,"1"
2570,"1"
2571,"0"
2572,"1"
2573,"0"
2574,"1"
2575,"0"
2576,"0"
2577,"0"
2578,"0"
2579,"0"
2580,"1"
2581,"0"
2582,"0"
2583,"0"
2584,"0"
2585,"0"
2586,"0"
2587,"1"
2588,"1"
2589,"1"
2590,"1"
2591,"1"
2592,"0"
2593,"0"
2594,"1"
2595,"0"
2596,"0"
2597,"0"
2598,"1"
2599,"1"
2600,"1"
2601,"0"
2602,"0"
2603,"0"
2604,"0"
2605,"0"
2606,"1"
2607,"0"
2608,"1"
2609,"0"
2610,"0"
2611,"1"
2612,"1"
2613,"0"
2614,"0"
2615,"1"
2616,"0"
2617,"0"
2618,"0"
2619,"1"
2620,"0"
2621,"1"
2622,"1"
2623,"1"
2624,"1"
2625,"0"
2626,"0"
2627,"0"
2628,"0"
2629,"1"
2630,"0"
2631,"0"
2632,"0"
2633,"1"
2634,"1"
2635,"1"
2636,"0"
2637,"0"
2638,"1"
2639,"1"
2640,"0"
2641,"0"
2642,"1"
2643,"0"
2644,"1"
2645,"0"
2646,"0"
2647,"0"
2648,"0"
2649,"1"
2650,"1"
2651,"0"
2652,"1"
2653,"0"
2654,"1"
2655,"1"
2656,"0"
2657,"1"
2658,"1"
2659,"1"
2660,"0"
2661,"0"
2662,"0"
2663,"0"
2664,"1"
2665,"0"
2666,"0"
2667,"1"
2668,"1"
2669,"0"
2670,"0"
2671,"1"
2672,"1"
2673,"1"
2674,"0"
2675,"1"
2676,"1"
2677,"0"
2678,"0"
2679,"1"
2680,"1"
2681,"1"
2682,"1"
2683,"1"
2684,"1"
2685,"0"
2686,"0"
2687,"1"
2688,"1"
2689,"1"
2690,"0"
2691,"0"
2692,"0"
2693,"0"
2694,"0"
2695,"1"
2696,"1"
2697,"0"
2698,"1"
2699,"1"
2700,"0"
2701,"1"
2702,"0"
2703,"1"
2704,"0"
2705,"0"
2706,"0"
2707,"1"
2708,"1"
2709,"0"
2710,"1"
2711,"0"
2712,"1"
2713,"1"
2714,"1"
2715,"1"
2716,"1"
2717,"0"
2718,"0"
2719,"0"
2720,"0"
2721,"1"
2722,"0"
2723,"1"
2724,"1"
2725,"0"
2726,"1"
2727,"1"
2728,"1"
2729,"0"
2730,"0"
2731,"0"
2732,"1"
2733,"0"
2734,"0"
2735,"1"
2736,"0"
2737,"1"
2738,"0"
2739,"0"
2740,"0"
2741,"1"
2742,"0"
2743,"0"
2744,"1"
2745,"0"
2746,"0"
2747,"1"
2748,"0"
2749,"0"
2750,"1"
2751,"0"
2752,"0"
2753,"1"
2754,"1"
2755,"1"
2756,"0"
2757,"0"
2758,"1"
2759,"0"
2760,"0"
2761,"0"
2762,"1"
2763,"0"
2764,"1"
2765,"1"
2766,"1"
2767,"1"
2768,"0"
2769,"0"
2770,"1"
2771,"0"
2772,"0"
2773,"1"
2774,"0"
2775,"1"
2776,"1"
2777,"0"
2778,"0"
2779,"1"
2780,"0"
2781,"0"
2782,"0"
2783,"0"
2784,"1"
2785,"0"
2786,"0"
2787,"1"
2788,"1"
2789,"0"
2790,"0"
2791,"0"
2792,"1"
2793,"0"
2794,"0"
2795,"0"
2796,"0"
2797,"0"
2798,"1"
2799,"0"
2800,"0"
2801,"0"
2802,"1"
2803,"0"
2804,"1"
2805,"1"
2806,"1"
2807,"0"
2808,"0"
2809,"0"
2810,"1"
2811,"1"
2812,"0"
2813,"0"
2814,"0"
2815,"1"
2816,"0"
2817,"1"
2818,"0"
2819,"1"
2820,"0"
2821,"1"
2822,"1"
2823,"1"
2824,"0"
2825,"0"
2826,"1"
2827,"0"
2828,"0"
2829,"1"
2830,"0"
2831,"0"
2832,"1"
2833,"1"
2834,"0"
2835,"0"
2836,"1"
2837,"1"
2838,"1"
2839,"0"
2840,"0"
2841,"1"
2842,"1"
2843,"0"
2844,"1"
2845,"1"
2846,"0"
2847,"1"
2848,"0"
2849,"0"
2850,"0"
2851,"1"
2852,"1"
2853,"0"
2854,"0"
2855,"0"
2856,"1"
2857,"1"
2858,"1"
2859,"0"
2860,"0"
2861,"1"
2862,"0"
2863,"0"
2864,"0"
2865,"1"
2866,"0"
2867,"0"
2868,"0"
2869,"1"
2870,"1"
2871,"1"
2872,"0"
2873,"0"
2874,"0"
2875,"1"
2876,"0"
2877,"0"
2878,"1"
2879,"0"
2880,"0"
2881,"0"
2882,"0"
2883,"0"
2884,"0"
2885,"1"
2886,"0"
2887,"1"
2888,"0"
2889,"0"
2890,"1"
2891,"1"
2892,"1"
2893,"0"
2894,"0"
2895,"1"
2896,"0"
2897,"1"
2898,"1"
2899,"1"
2900,"1"
2901,"1"
2902,"1"
2903,"1"
2904,"0"
2905,"0"
2906,"1"
2907,"0"
2908,"0"
2909,"0"
2910,"0"
2911,"0"
2912,"0"
2913,"1"
2914,"1"
2915,"1"
2916,"1"
2917,"1"
2918,"0"
2919,"1"
2920,"1"
2921,"1"
2922,"0"
2923,"0"
2924,"0"
2925,"1"
2926,"1"
2927,"0"
2928,"1"
2929,"0"
2930,"0"
2931,"0"
2932,"1"
2933,"1"
2934,"1"
2935,"1"
2936,"0"
2937,"1"
2938,"1"
2939,"1"
2940,"1"
2941,"1"
2942,"0"
2943,"1"
2944,"1"
2945,"1"
2946,"0"
2947,"1"
2948,"1"
2949,"0"
2950,"1"
2951,"0"
2952,"1"
2953,"1"
2954,"1"
2955,"0"
2956,"0"
2957,"0"
2958,"0"
2959,"1"
2960,"1"
2961,"1"
2962,"0"
2963,"0"
2964,"1"
2965,"1"
2966,"1"
2967,"0"
2968,"1"
2969,"1"
2970,"0"
2971,"1"
2972,"0"
2973,"1"
2974,"1"
2975,"0"
2976,"1"
2977,"0"
2978,"0"
2979,"0"
2980,"1"
2981,"0"
2982,"1"
2983,"0"
2984,"0"
2985,"0"
2986,"0"
2987,"1"
2988,"0"
2989,"0"
2990,"0"
2991,"1"
2992,"0"
2993,"1"
2994,"0"
2995,"1"
2996,"1"
2997,"1"
2998,"0"
2999,"1"
3000,"0"
3001,"0"
3002,"1"
3003,"1"
3004,"0"
3005,"1"
3006,"0"
3007,"0"
3008,"1"
3009,"0"
3010,"0"
3011,"0"
3012,"1"
3013,"0"
3014,"0"
3015,"0"
3016,"1"
3017,"0"
3018,"0"
3019,"1"
3020,"0"
3021,"0"
3022,"0"
3023,"1"
3024,"1"
3025,"0"
3026,"0"
3027,"1"
3028,"0"
3029,"1"
3030,"1"
3031,"0"
3032,"1"
3033,"0"
3034,"0"
3035,"1"
3036,"1"
3037,"1"
3038,"0"
3039,"0"
3040,"1"
3041,"1"
3042,"1"
3043,"1"
3044,"0"
3045,"0"
3046,"1"
3047,"1"
3048,"1"
3049,"0"
3050,"0"
3051,"0"
3052,"0"
3053,"1"
3054,"1"
3055,"0"
3056,"1"
3057,"1"
3058,"0"
3059,"0"
3060,"0"
3061,"0"
3062,"1"
3063,"0"
3064,"1"
3065,"0"
3066,"0"
3067,"1"
3068,"0"
3069,"1"
3070,"1"
3071,"1"
3072,"0"
3073,"0"
3074,"0"
3075,"0"
3076,"1"
3077,"1"
3078,"0"
3079,"1"
3080,"1"
3081,"1"
3082,"0"
3083,"1"
3084,"1"
3085,"1"
3086,"0"
3087,"1"
3088,"0"
3089,"1"
3090,"0"
3091,"1"
3092,"1"
3093,"1"
3094,"1"
3095,"0"
3096,"1"
3097,"0"
3098,"0"
3099,"0"
3100,"0"
3101,"0"
3102,"1"
3103,"1"
3104,"0"
3105,"0"
3106,"0"
3107,"0"
3108,"0"
3109,"1"
3110,"0"
3111,"0"
3112,"0"
3113,"0"
3114,"1"
3115,"0"
3116,"1"
3117,"0"
3118,"0"
3119,"0"
3120,"1"
3121,"0"
3122,"1"
3123,"0"
3124,"0"
3125,"1"
3126,"0"
3127,"0"
3128,"1"
3129,"1"
3130,"1"
3131,"0"
3132,"0"
3133,"0"
3134,"1"
3135,"0"
3136,"0"
3137,"0"
3138,"0"
3139,"1"
3140,"0"
3141,"1"
3142,"0"
3143,"1"
3144,"0"
3145,"0"
3146,"1"
3147,"0"
3148,"0"
3149,"0"
3150,"0"
3151,"1"
3152,"1"
3153,"1"
3154,"0"
3155,"0"
3156,"1"
3157,"0"
3158,"0"
3159,"0"
3160,"0"
3161,"0"
3162,"0"
3163,"0"
3164,"1"
3165,"0"
3166,"0"
3167,"0"
3168,"1"
3169,"1"
3170,"1"
3171,"1"
3172,"1"
3173,"1"
3174,"0"
3175,"0"
3176,"1"
3177,"0"
3178,"0"
3179,"1"
3180,"0"
3181,"0"
3182,"0"
3183,"0"
3184,"0"
3185,"1"
3186,"0"
3187,"1"
3188,"1"
3189,"0"
3190,"0"
3191,"1"
3192,"0"
3193,"1"
3194,"1"
3195,"1"
3196,"0"
3197,"1"
3198,"1"
3199,"1"
3200,"1"
3201,"1"
3202,"0"
3203,"0"
3204,"1"
3205,"1"
3206,"0"
3207,"1"
3208,"1"
3209,"1"
3210,"0"
3211,"1"
3212,"0"
3213,"0"
3214,"0"
3215,"0"
3216,"0"
3217,"0"
3218,"1"
3219,"0"
3220,"0"
3221,"0"
3222,"1"
3223,"0"
3224,"1"
3225,"1"
3226,"1"
3227,"1"
3228,"1"
3229,"1"
3230,"0"
3231,"0"
3232,"0"
3233,"1"
3234,"0"
3235,"1"
3236,"0"
3237,"1"
3238,"0"
3239,"0"
3240,"1"
3241,"1"
3242,"0"
3243,"1"
3244,"1"
3245,"0"
3246,"1"
3247,"1"
3248,"0"
3249,"0"
3250,"1"
3251,"0"
3252,"1"
3253,"1"
3254,"0"
3255,"1"
3256,"1"
3257,"1"
3258,"1"
3259,"0"
3260,"1"
3261,"1"
3262,"1"
3263,"0"
3264,"0"
3265,"0"
3266,"1"
3267,"0"
3268,"1"
3269,"0"
3270,"1"
3271,"0"
3272,"0"
3273,"1"
3274,"0"
3275,"1"
3276,"0"
3277,"1"
3278,"0"
3279,"1"
3280,"0"
3281,"1"
3282,"1"
3283,"1"
3284,"0"
3285,"0"
3286,"0"
3287,"1"
3288,"1"
3289,"0"
3290,"0"
3291,"1"
3292,"1"
3293,"1"
3294,"1"
3295,"0"
3296,"0"
3297,"1"
3298,"0"
3299,"0"
3300,"0"
3301,"0"
3302,"0"
3303,"0"
3304,"1"
3305,"0"
3306,"1"
3307,"1"
3308,"0"
3309,"1"
3310,"0"
3311,"0"
3312,"1"
3313,"1"
3314,"1"
3315,"0"
3316,"0"
3317,"1"
3318,"0"
3319,"0"
3320,"1"
3321,"0"
3322,"0"
3323,"1"
3324,"1"
3325,"0"
3326,"0"
3327,"0"
3328,"1"
3329,"0"
3330,"0"
3331,"0"
3332,"1"
3333,"0"
3334,"0"
3335,"1"
3336,"1"
3337,"0"
3338,"1"
3339,"1"
3340,"0"
3341,"0"
3342,"0"
3343,"1"
3344,"0"
3345,"1"
3346,"1"
3347,"1"
3348,"1"
3349,"1"
3350,"1"
3351,"1"
3352,"0"
3353,"0"
3354,"0"
3355,"0"
3356,"1"
3357,"1"
3358,"1"
3359,"0"
3360,"1"
3361,"0"
3362,"1"
3363,"0"
3364,"0"
3365,"0"
3366,"0"
3367,"0"
3368,"0"
3369,"1"
3370,"0"
3371,"1"
3372,"1"
3373,"1"
3374,"0"
3375,"0"
3376,"1"
3377,"1"
3378,"0"
3379,"1"
3380,"0"
3381,"0"
3382,"1"
3383,"1"
3384,"0"
3385,"1"
3386,"0"
3387,"1"
3388,"1"
3389,"1"
3390,"0"
3391,"0"
3392,"0"
3393,"1"
3394,"1"
3395,"1"
3396,"1"
3397,"0"
3398,"0"
3399,"0"
3400,"1"
3401,"0"
3402,"1"
3403,"0"
3404,"1"
3405,"0"
3406,"0"
3407,"0"
3408,"0"
3409,"0"
3410,"1"
3411,"1"
3412,"0"
3413,"1"
3414,"0"
3415,"0"
3416,"0"
3417,"0"
3418,"0"
3419,"0"
3420,"1"
3421,"0"
3422,"0"
3423,"1"
3424,"1"
3425,"0"
3426,"1"
3427,"1"
3428,"0"
3429,"1"
3430,"0"
3431,"0"
3432,"0"
3433,"0"
3434,"1"
3435,"0"
3436,"0"
3437,"0"
3438,"1"
3439,"1"
3440,"1"
3441,"0"
3442,"0"
3443,"1"
3444,"0"
3445,"1"
3446,"1"
3447,"0"
3448,"0"
3449,"1"
3450,"1"
3451,"1"
3452,"0"
3453,"1"
3454,"0"
3455,"0"
3456,"1"
3457,"1"
3458,"1"
3459,"0"
3460,"1"
3461,"0"
3462,"0"
3463,"0"
3464,"1"
3465,"1"
3466,"1"
3467,"0"
3468,"1"
3469,"0"
3470,"1"
3471,"0"
3472,"0"
3473,"1"
3474,"0"
3475,"0"
3476,"1"
3477,"0"
3478,"1"
3479,"1"
3480,"0"
3481,"0"
3482,"1"
3483,"1"
3484,"0"
3485,"0"
3486,"0"
3487,"1"
3488,"1"
3489,"1"
3490,"0"
3491,"0"
3492,"1"
3493,"1"
3494,"0"
3495,"0"
3496,"1"
3497,"0"
3498,"1"
3499,"0"
3500,"1"
3501,"0"
3502,"0"
3503,"1"
3504,"0"
3505,"1"
3506,"0"
3507,"1"
3508,"0"
3509,"1"
3510,"0"
3511,"1"
3512,"0"
3513,"0"
3514,"0"
3515,"1"
3516,"1"
3517,"1"
3518,"0"
3519,"1"
3520,"1"
3521,"1"
3522,"0"
3523,"1"
3524,"0"
3525,"0"
3526,"0"
3527,"0"
3528,"1"
3529,"1"
3530,"1"
3531,"0"
3532,"1"
3533,"0"
3534,"0"
3535,"1"
3536,"0"
3537,"0"
3538,"0"
3539,"1"
3540,"1"
3541,"0"
3542,"0"
3543,"1"
3544,"1"
3545,"0"
3546,"0"
3547,"1"
3548,"1"
3549,"0"
3550,"0"
3551,"0"
3552,"0"
3553,"1"
3554,"0"
3555,"0"
3556,"0"
3557,"1"
3558,"0"
3559,"1"
3560,"1"
3561,"0"
3562,"0"
3563,"1"
3564,"0"
3565,"0"
3566,"0"
3567,"1"
3568,"1"
3569,"1"
3570,"0"
3571,"1"
3572,"0"
3573,"1"
3574,"1"
3575,"0"
3576,"0"
3577,"1"
3578,"0"
3579,"0"
3580,"1"
3581,"0"
3582,"1"
3583,"0"
3584,"1"
3585,"0"
3586,"0"
3587,"1"
3588,"0"
3589,"1"
3590,"1"
3591,"1"
3592,"0"
3593,"1"
3594,"0"
3595,"1"
3596,"1"
3597,"0"
3598,"1"
3599,"1"
3600,"0"
3601,"1"
3602,"1"
3603,"0"
3604,"1"
3605,"0"
3606,"0"
3607,"1"
3608,"0"
3609,"0"
3610,"0"
3611,"1"
3612,"0"
3613,"0"
3614,"0"
3615,"0"
3616,"0"
3617,"1"
3618,"1"
3619,"0"
3620,"1"
3621,"0"
3622,"0"
3623,"1"
3624,"0"
3625,"0"
3626,"1"
3627,"1"
3628,"0"
3629,"1"
3630,"0"
3631,"0"
3632,"0"
3633,"0"
3634,"1"
3635,"0"
3636,"1"
3637,"0"
3638,"0"
3639,"0"
3640,"0"
3641,"0"
3642,"0"
3643,"0"
3644,"1"
3645,"1"
3646,"1"
3647,"0"
3648,"1"
3649,"1"
3650,"0"
3651,"0"
3652,"0"
3653,"0"
3654,"1"
3655,"1"
3656,"1"
3657,"1"
3658,"1"
3659,"1"
3660,"0"
3661,"0"
3662,"0"
3663,"0"
3664,"0"
3665,"0"
3666,"1"
3667,"1"
3668,"1"
3669,"1"
3670,"0"
3671,"0"
3672,"0"
3673,"0"
3674,"0"
3675,"0"
3676,"0"
3677,"0"
3678,"0"
3679,"0"
3680,"1"
3681,"0"
3682,"0"
3683,"0"
3684,"0"
3685,"1"
3686,"1"
3687,"0"
3688,"1"
3689,"1"
3690,"1"
3691,"0"
3692,"1"
3693,"0"
3694,"0"
3695,"0"
3696,"0"
3697,"1"
3698,"1"
3699,"1"
3700,"1"
3701,"1"
3702,"0"
3703,"1"
3704,"0"
3705,"0"
3706,"0"
3707,"1"
3708,"0"
3709,"0"
3710,"1"
3711,"1"
3712,"0"
3713,"1"
3714,"1"
3715,"0"
3716,"1"
3717,"1"
3718,"0"
3719,"0"
3720,"1"
3721,"1"
3722,"0"
3723,"1"
3724,"1"
3725,"1"
3726,"1"
3727,"0"
3728,"1"
3729,"1"
3730,"0"
3731,"1"
3732,"0"
3733,"1"
3734,"0"
3735,"1"
3736,"0"
3737,"0"
3738,"0"
3739,"1"
3740,"0"
3741,"0"
3742,"1"
3743,"1"
3744,"0"
3745,"0"
3746,"0"
3747,"0"
3748,"0"
3749,"0"
3750,"0"
3751,"1"
3752,"0"
3753,"1"
3754,"0"
3755,"1"
3756,"0"
3757,"1"
3758,"0"
3759,"0"
3760,"0"
3761,"0"
3762,"1"
3763,"1"
3764,"1"
3765,"1"
3766,"0"
3767,"0"
3768,"0"
3769,"1"
3770,"0"
3771,"1"
3772,"1"
3773,"0"
3774,"0"
3775,"0"
3776,"1"
3777,"0"
3778,"0"
3779,"1"
3780,"0"
3781,"0"
3782,"0"
3783,"1"
3784,"0"
3785,"0"
3786,"0"
3787,"0"
3788,"1"
3789,"0"
3790,"0"
3791,"0"
3792,"1"
3793,"1"
3794,"0"
3795,"0"
3796,"0"
3797,"0"
3798,"0"
3799,"0"
3800,"0"
3801,"0"
3802,"1"
3803,"0"
3804,"1"
3805,"0"
3806,"0"
3807,"0"
3808,"0"
3809,"0"
3810,"0"
3811,"1"
3812,"0"
3813,"0"
3814,"0"
3815,"0"
3816,"0"
3817,"0"
3818,"1"
3819,"1"
3820,"0"
3821,"1"
3822,"1"
3823,"0"
3824,"0"
3825,"0"
3826,"1"
3827,"0"
3828,"1"
3829,"1"
3830,"0"
3831,"1"
3832,"0"
3833,"1"
3834,"0"
3835,"0"
3836,"0"
3837,"1"
3838,"1"
3839,"0"
3840,"0"
3841,"0"
3842,"1"
3843,"0"
3844,"0"
3845,"0"
3846,"1"
3847,"1"
3848,"1"
3849,"1"
3850,"0"
3851,"1"
3852,"0"
3853,"1"
3854,"0"
3855,"0"
3856,"0"
3857,"1"
3858,"0"
3859,"0"
3860,"1"
3861,"0"
3862,"1"
3863,"1"
3864,"0"
3865,"1"
3866,"0"
3867,"1"
3868,"0"
3869,"1"
3870,"0"
3871,"0"
3872,"0"
3873,"1"
3874,"0"
3875,"1"
3876,"1"
3877,"1"
3878,"0"
3879,"0"
3880,"0"
3881,"0"
3882,"1"
3883,"1"
3884,"1"
3885,"0"
3886,"1"
3887,"0"
3888,"0"
3889,"1"
3890,"1"
3891,"0"
3892,"1"
3893,"0"
3894,"0"
3895,"1"
3896,"1"
3897,"1"
3898,"0"
3899,"0"
3900,"1"
3901,"0"
3902,"1"
3903,"1"
3904,"0"
3905,"1"
3906,"1"
3907,"0"
3908,"1"
3909,"0"
3910,"1"
3911,"1"
3912,"1"
3913,"1"
3914,"0"
3915,"0"
3916,"1"
3917,"1"
3918,"0"
3919,"1"
3920,"1"
3921,"1"
3922,"1"
3923,"0"
3924,"1"
3925,"1"
3926,"0"
3927,"0"
3928,"1"
3929,"0"
3930,"0"
3931,"1"
3932,"0"
3933,"0"
3934,"0"
3935,"0"
3936,"0"
3937,"1"
3938,"1"
3939,"1"
3940,"0"
3941,"0"
3942,"1"
3943,"0"
3944,"0"
3945,"1"
3946,"0"
3947,"1"
3948,"1"
3949,"1"
3950,"1"
3951,"1"
3952,"1"
3953,"0"
3954,"1"
3955,"1"
3956,"1"
3957,"1"
3958,"0"
3959,"1"
3960,"0"
3961,"1"
3962,"0"
3963,"0"
3964,"1"
3965,"1"
3966,"0"
3967,"1"
3968,"1"
3969,"0"
3970,"1"
3971,"1"
3972,"0"
3973,"0"
3974,"1"
3975,"0"
3976,"1"
3977,"0"
3978,"1"
3979,"0"
3980,"0"
3981,"1"
3982,"0"
3983,"0"
3984,"0"
3985,"1"
3986,"0"
3987,"0"
3988,"1"
3989,"0"
3990,"0"
3991,"0"
3992,"1"
3993,"0"
3994,"1"
3995,"0"
3996,"0"
3997,"1"
3998,"1"
3999,"0"
4000,"1"
4001,"1"
4002,"1"
4003,"0"
4004,"1"
4005,"0"
4006,"0"
4007,"0"
4008,"1"
4009,"0"
4010,"1"
4011,"0"
4012,"1"
4013,"0"
4014,"1"
4015,"0"
4016,"1"
4017,"0"
4018,"1"
4019,"0"
4020,"1"
4021,"0"
4022,"1"
4023,"0"
4024,"1"
4025,"0"
4026,"0"
4027,"0"
4028,"1"
4029,"0"
4030,"1"
4031,"0"
4032,"0"
4033,"0"
4034,"0"
4035,"1"
4036,"0"
4037,"0"
4038,"0"
4039,"1"
4040,"0"
4041,"1"
4042,"1"
4043,"1"
4044,"1"
4045,"1"
4046,"0"
4047,"1"
4048,"0"
4049,"0"
4050,"0"
4051,"0"
4052,"1"
4053,"0"
4054,"1"
4055,"0"
4056,"1"
4057,"1"
4058,"0"
4059,"0"
4060,"0"
4061,"0"
4062,"0"
4063,"0"
4064,"1"
4065,"1"
4066,"0"
4067,"1"
4068,"1"
4069,"1"
4070,"1"
4071,"0"
4072,"0"
4073,"1"
4074,"1"
4075,"1"
4076,"0"
4077,"0"
4078,"0"
4079,"0"
4080,"1"
4081,"0"
4082,"1"
4083,"1"
4084,"1"
4085,"0"
4086,"1"
4087,"0"
4088,"1"
4089,"0"
4090,"0"
4091,"0"
4092,"1"
4093,"0"
4094,"1"
4095,"1"
4096,"0"
4097,"1"
4098,"0"
4099,"0"
4100,"1"
4101,"0"
4102,"0"
4103,"0"
4104,"0"
4105,"0"
4106,"0"
4107,"1"
4108,"0"
4109,"1"
4110,"1"
4111,"1"
4112,"1"
4113,"1"
4114,"1"
4115,"0"
4116,"0"
4117,"1"
4118,"0"
4119,"0"
4120,"1"
4121,"1"
4122,"0"
4123,"0"
4124,"1"
4125,"0"
4126,"1"
4127,"1"
4128,"0"
4129,"0"
4130,"1"
4131,"1"
4132,"0"
4133,"0"
4134,"1"
4135,"0"
4136,"1"
4137,"1"
4138,"1"
4139,"0"
4140,"0"
4141,"1"
4142,"1"
4143,"0"
4144,"1"
4145,"0"
4146,"0"
4147,"1"
4148,"0"
4149,"0"
4150,"0"
4151,"0"
4152,"1"
4153,"1"
4154,"1"
4155,"0"
4156,"0"
4157,"1"
4158,"0"
4159,"0"
4160,"0"
4161,"1"
4162,"0"
4163,"1"
4164,"0"
4165,"1"
4166,"1"
4167,"1"
4168,"0"
4169,"0"
4170,"1"
4171,"0"
4172,"1"
4173,"0"
4174,"0"
4175,"1"
4176,"1"
4177,"1"
4178,"0"
4179,"0"
4180,"1"
4181,"0"
4182,"1"
4183,"1"
4184,"1"
4185,"0"
4186,"0"
4187,"0"
4188,"1"
4189,"1"
4190,"0"
4191,"0"
4192,"0"
4193,"0"
4194,"1"
4195,"1"
4196,"0"
4197,"1"
4198,"0"
4199,"1"
4200,"1"
4201,"1"
4202,"0"
4203,"0"
4204,"1"
4205,"1"
4206,"1"
4207,"0"
4208,"0"
4209,"0"
4210,"1"
4211,"0"
4212,"0"
4213,"1"
4214,"0"
4215,"0"
4216,"1"
4217,"0"
4218,"1"
4219,"1"
4220,"1"
4221,"1"
4222,"1"
4223,"0"
4224,"1"
4225,"1"
4226,"1"
4227,"1"
4228,"0"
4229,"1"
4230,"1"
4231,"1"
4232,"0"
4233,"1"
4234,"0"
4235,"0"
4236,"0"
4237,"1"
4238,"1"
4239,"1"
4240,"0"
4241,"1"
4242,"1"
4243,"0"
4244,"1"
4245,"1"
4246,"1"
4247,"0"
4248,"1"
4249,"1"
4250,"1"
4251,"1"
4252,"0"
4253,"0"
4254,"0"
4255,"0"
4256,"0"
4257,"1"
4258,"1"
4259,"1"
4260,"1"
4261,"1"
4262,"1"
4263,"1"
